smiles,mw,heavy_atoms,atoms,heteroatoms,rings,GFN2_HOMO_LUMO_GAP,DFT_HOMO_LUMO_GAP,rdkit_smiles,inchi_key,compound_id
[H]OB(O[H])[C@@]([H])(N([H])C(=O)[C@@]1([H])N(C(=O)[C@]([H])(N([H])C(=O)C([H])([H])[H])C([H])([H])c2c([H])c([H])c([H])c([H])c2[H])C([H])([H])C([H])([H])C1([H])[H])C([H])([H])C([H])([H])C([H])([H])C([H])([H])N([H])[H],432.2544005560009,31,64,10,2,0.128555,0.3592260375352209,CC(=O)N[C@H](Cc1ccccc1)C(=O)N1CCC[C@H]1C(=O)N[C@@H](CCCCN)B(O)O,UCQIHCRMWNRFNP-QYZOEREBSA-N,UCQIHCRMWNRFNP-QYZOEREBSA-N
[H]O[C@]([H])(C([H])([H])Oc1c(-c2c([H])c([H])c(F)c([H])c2[H])c([H])c(C([H])(C([H])([H])[H])C([H])([H])[H])c([H])c1C([H])(C([H])([H])[H])C([H])([H])[H])C([H])([H])[C@@]([H])(O[H])C([H])([H])C(=O)[O-],417.2082758599108,30,60,6,2,0.0159946,0.2373219743609181,CC(C)c1cc(-c2ccc(F)cc2)c(OC[C@@H](O)C[C@@H](O)CC(=O)[O-])c(C(C)C)c1,GWJDCGLHTDEKGT-UXHICEINSA-M,GWJDCGLHTDEKGT-UXHICEINSA-M
[H]OB(O[H])[C@@]([H])(N([H])C(=O)C([H])([H])N(C(=O)C([H])([H])c1c([H])c([H])c([H])c([H])c1[H])C([H])([H])[H])C([H])([H])C([H])([H])C([H])([H])C([H])([H])N([H])[H],335.2016367120007,24,50,8,1,0.1260691,0.3523464541894802,CN(CC(=O)N[C@@H](CCCCN)B(O)O)C(=O)Cc1ccccc1,VPLBUOGKJQGYQO-AWEZNQCLSA-N,VPLBUOGKJQGYQO-AWEZNQCLSA-N
[H]O[C@]([H])(/C([H])=C(\[H])C(=C(c1c([H])c([H])c(C([H])([H])[H])c([H])c1C([H])([H])[H])c1c([H])c([H])c(C([H])([H])[H])c([H])c1C([H])([H])[H])c1nnnn1C([H])([H])[H])C([H])([H])[C@@]([H])(O[H])C([H])([H])C(=O)[O-],475.235079051911,35,66,8,3,0.0702573,0.2947297101487909,Cc1ccc(C(=C(/C=C/[C@@H](O)C[C@@H](O)CC(=O)[O-])c2nnnn2C)c2ccc(C)cc2C)c(C)c1,UUVPDWUBKWQFOU-AZHXHMFBSA-M,UUVPDWUBKWQFOU-AZHXHMFBSA-M
[H]c1nc([H])c([C@@]2([H])SC([H])([H])c3c(C(=O)c4c([H])n(C(=O)c5c([H])c([H])c([H])c([H])c5S(=O)(=O)[O-])c5c([H])c(-c6c([H])c([H])c(F)c([H])c6[H])c([H])c([H])c45)c([H])c([H])n32)c([H])c1[H],622.0912145719104,44,65,11,7,0.0908695,0.2953958343416448,O=C(c1ccn2c1CS[C@@H]2c1cccnc1)c1cn(C(=O)c2ccccc2S(=O)(=O)[O-])c2cc(-c3ccc(F)cc3)ccc12,WSTGIXIJIWZIHP-MGBGTMOVSA-M,WSTGIXIJIWZIHP-MGBGTMOVSA-M
[H]O[C@]([H])(C([H])([H])Oc1c(C([H])([H])[H])c([H])c(Cl)c([H])c1C([H])(c1c([H])c([H])c(F)c([H])c1[H])c1c([H])c([H])c(F)c([H])c1[H])C([H])([H])[C@@]([H])(O[H])C([H])([H])C(=O)[O-],489.12858156791054,34,58,8,3,0.0653338,0.3038269851582225,Cc1cc(Cl)cc(C(c2ccc(F)cc2)c2ccc(F)cc2)c1OC[C@@H](O)C[C@@H](O)CC(=O)[O-],RGJLCDJTSHNOSR-YADHBBJMSA-M,RGJLCDJTSHNOSR-YADHBBJMSA-M
[H]OC([H])([H])/C([H])=C1\O[C@@]2([H])N(C(=O)C2([H])[H])[C@@]1([H])C(=O)[O-],198.04079593591,14,22,6,2,0.0960491,0.3323729277400465,O=C([O-])[C@H]1/C(=C/CO)O[C@@H]2CC(=O)N21,HZZVJAQRINQKSD-PBFISZAISA-M,HZZVJAQRINQKSD-PBFISZAISA-M
[H]c1c([H])c([H])c(-c2c([H])c(C([H])([H])C([H])([H])[H])[n+](C([H])([H])C(=O)Oc3c([H])c([H])c4nc(S(=O)(=O)N([H])[H])sc4c3[H])c(C([H])([H])C([H])([H])[H])c2[H])c([H])c1[H],482.1202746680906,33,57,9,4,0.0589016999999999,0.2562019052902162,CCc1cc(-c2ccccc2)cc(CC)[n+]1CC(=O)Oc1ccc2nc(S(N)(=O)=O)sc2c1,RDSADKNUIYUYDN-UHFFFAOYSA-N,RDSADKNUIYUYDN-UHFFFAOYSA-N
[H]O[C@@]([H])(C([H])([H])Oc1c(C([H])([H])[H])c([H])c(C([H])([H])[H])c([H])c1[C@@]([H])(c1c([H])c([H])c(F)c([H])c1[H])C([H])([H])[H])C([H])([H])[C@@]([H])(O[H])C([H])([H])C(=O)[O-],389.1769757319107,28,54,6,2,0.0688892,0.2994175456829698,Cc1cc(C)c(OC[C@H](O)C[C@@H](O)CC(=O)[O-])c([C@H](C)c2ccc(F)cc2)c1,SWECUWNSOHJHCX-ATZDWAIDSA-M,SWECUWNSOHJHCX-ATZDWAIDSA-M
[H]SC([H])([H])[C@@]([H])(N([H])[H])C([H])([H])C([H])([H])S(=O)(=O)[O-],184.01075875991,10,20,6,0,0.139416,0.3960916651332556,N[C@H](CS)CCS(=O)(=O)[O-],GHOHRLXVWJYYKJ-BYPYZUCNSA-M,GHOHRLXVWJYYKJ-BYPYZUCNSA-M
[H]c1c([H])c(S(=O)(=O)N([H])[H])c([H])c([H])c1N([H])N([H])C(=O)C([H])([H])[n+]1c(C([H])([H])[H])c([H])c(C([H])([H])[H])c([H])c1C([H])([H])[H],349.1328879520906,24,45,8,2,0.0679472,0.2699538569942269,Cc1cc(C)[n+](CC(=O)NNc2ccc(S(N)(=O)=O)cc2)c(C)c1,LPFYEFJRFFLFAY-UHFFFAOYSA-O,LPFYEFJRFFLFAY-UHFFFAOYSA-O
[H]O[C@@]([H])(C([H])([H])Oc1c(C([H])([H])[H])c([H])c(C([H])([H])[H])c([H])c1[C@@]([H])(c1c([H])c([H])c(F)c([H])c1[H])c1c([H])c([H])c([H])c(C(F)(F)F)c1[H])C([H])([H])[C@@]([H])(O[H])C([H])([H])C(=O)[O-],519.1800104239106,37,64,9,3,0.0564683999999999,0.2935406184351771,Cc1cc(C)c(OC[C@H](O)C[C@@H](O)CC(=O)[O-])c([C@@H](c2ccc(F)cc2)c2cccc(C(F)(F)F)c2)c1,HITATFSDGIRUCG-PLXFJCCSSA-M,HITATFSDGIRUCG-PLXFJCCSSA-M
[H]O[C@@]([H])(C([H])([H])Oc1c(Cl)c([H])c(Cl)c([H])c1C([H])(c1c([H])c([H])c(F)c([H])c1[H])c1c([H])c([H])c(F)c([H])c1[H])C([H])([H])[C@@]([H])(O[H])C([H])([H])C(=O)[O-],509.07395915191057,34,55,9,3,0.075997,0.3175479068029669,O=C([O-])C[C@H](O)C[C@@H](O)COc1c(Cl)cc(Cl)cc1C(c1ccc(F)cc1)c1ccc(F)cc1,VQWSITRBHPOQTC-WOJBJXKFSA-M,VQWSITRBHPOQTC-WOJBJXKFSA-M
[H]c1c([H])c([H])c(-c2c([H])c(C([H])(C([H])([H])[H])C([H])([H])[H])[n+](C([H])([H])C(=O)N([H])C([H])([H])C([H])([H])C(=O)N([H])c3nnc(S(=O)(=O)N([H])[H])s3)c(C([H])(C([H])([H])[H])C([H])([H])[H])c2[H])c([H])c1[H],531.1842718920909,36,67,12,3,0.0957233,0.3000825473990495,CC(C)c1cc(-c2ccccc2)cc(C(C)C)[n+]1CC(=O)NCCC(=O)Nc1nnc(S(N)(=O)=O)s1,TXWIVULJNOBLNT-UHFFFAOYSA-O,TXWIVULJNOBLNT-UHFFFAOYSA-O
[H]C(=C(C([H])([H])[H])C([H])([H])[H])C([H])([H])C([H])([H])/C(=C(\[H])C([H])([H])C([H])([H])/C(=C(\[H])C([H])([H])ON([H])C(=O)C([H])([H])[P@](=O)([O-])OC([H])([H])OC(=O)C(C([H])([H])[H])(C([H])([H])[H])C([H])([H])[H])C([H])([H])[H])C([H])([H])[H],472.2469627979109,32,71,9,0,0.1348962,0.3564552498757949,CC(C)=CCC/C(C)=C/CC/C(C)=C/CONC(=O)C[P@](=O)([O-])OCOC(=O)C(C)(C)C,CIIUQUGEZHKMSN-LCAIAVFMSA-M,CIIUQUGEZHKMSN-LCAIAVFMSA-M
[H]O[C@]([H])(C([H])([H])Oc1c(C([H])([H])C([H])([H])C([H])([H])Oc2c([H])c([H])c(F)c([H])c2[H])c([H])c(Cl)c([H])c1C1([H])C([H])([H])C([H])([H])C([H])([H])C1([H])[H])C([H])([H])[C@@]([H])(O[H])C([H])([H])C(=O)[O-],493.1798681919109,34,65,8,3,0.0471504,0.2905796973108259,O=C([O-])C[C@H](O)C[C@H](O)COc1c(CCCOc2ccc(F)cc2)cc(Cl)cc1C1CCCC1,SGKRQHZSMMVREF-YADHBBJMSA-M,SGKRQHZSMMVREF-YADHBBJMSA-M
[H]c1c([H])c([H])c(C([H])([H])N(C(=O)N([H])C([H])(C(=O)[O-])C([H])(C([H])([H])[H])C([H])([H])[H])N([H])C(=O)C([H])([H])c2c([H])c([H])c(N([H])C(=O)N([H])c3c([H])c([H])c([H])c([H])c3C([H])([H])[H])c([H])c2[H])c([H])c1[H],530.2408927039108,39,71,10,3,0.097664,0.3139574458063437,Cc1ccccc1NC(=O)Nc1ccc(CC(=O)NN(Cc2ccccc2)C(=O)NC(C(=O)[O-])C(C)C)cc1,RLLVYLRVUWVLKT-UHFFFAOYSA-M,RLLVYLRVUWVLKT-UHFFFAOYSA-M
[H]c1c([H])c([H])c(-c2c([H])c(C([H])([H])[H])[n+](C([H])([H])C(=O)OC([H])([H])C([H])([H])Oc3c([H])c([H])c4nc(S(=O)(=O)N([H])[H])sc4c3[H])c(C([H])([H])[H])c2[H])c([H])c1[H],498.1151892880906,34,58,10,4,0.0645215,0.2489393046711704,Cc1cc(-c2ccccc2)cc(C)[n+]1CC(=O)OCCOc1ccc2nc(S(N)(=O)=O)sc2c1,QOPZRTKUPLJDOO-UHFFFAOYSA-N,QOPZRTKUPLJDOO-UHFFFAOYSA-N
[H]c1c([H])c([H])c(-c2c([H])c(C([H])(C([H])([H])[H])C([H])([H])[H])[n+](C([H])([H])C(=O)OC([H])([H])c3c([H])c([H])c(S(=O)(=O)N([H])[H])c([H])c3[H])c(C([H])(C([H])([H])[H])C([H])([H])[H])c2[H])c([H])c1[H],467.1999048920909,33,64,7,3,0.0795602,0.2930096879155407,CC(C)c1cc(-c2ccccc2)cc(C(C)C)[n+]1CC(=O)OCc1ccc(S(N)(=O)=O)cc1,FQIDOJKNRAGLEI-UHFFFAOYSA-N,FQIDOJKNRAGLEI-UHFFFAOYSA-N
[H]O[C@]([H])(C([H])([H])Oc1c(Cl)c([H])c(Cl)c([H])c1C([H])(c1c([H])c([H])c(F)c(C([H])([H])[H])c1[H])c1c([H])c([H])c(F)c(C([H])([H])[H])c1[H])C([H])([H])[C@@]([H])(O[H])C([H])([H])C(=O)[O-],537.1052592799107,36,61,9,3,0.0517512,0.2985367600372036,Cc1cc(C(c2ccc(F)c(C)c2)c2cc(Cl)cc(Cl)c2OC[C@@H](O)C[C@@H](O)CC(=O)[O-])ccc1F,VRUKSNBTMNSBFT-UXHICEINSA-M,VRUKSNBTMNSBFT-UXHICEINSA-M
[H]C([H])([H])Oc1c(Br)c(C(=O)[O-])c(-c2c3c(c(OC([H])([H])[H])c(Br)c2C(=O)[O-])OC([H])([H])O3)c2c1OC([H])([H])O2,543.8651678798202,30,40,12,4,0.0830837,0.3017213699908116,COc1c(Br)c(C(=O)[O-])c(-c2c3c(c(OC)c(Br)c2C(=O)[O-])OCO3)c2c1OCO2,OXSLDUKIIUBYJV-UHFFFAOYSA-L,OXSLDUKIIUBYJV-UHFFFAOYSA-L
[H]O[C@@]([H])(C([H])([H])C([H])([H])c1c(-c2c([H])c([H])c(F)c([H])c2[H])c([H])n(-c2c([H])c([H])c([H])c([H])c2[H])c1C([H])([H])[H])C([H])([H])[C@@]([H])(O[H])C([H])([H])C(=O)[O-],410.17731007991074,30,55,6,3,0.0199807,0.2419697214947758,Cc1c(CC[C@H](O)C[C@@H](O)CC(=O)[O-])c(-c2ccc(F)cc2)cn1-c1ccccc1,VEWGDVSTEWFLQL-LEWJYISDSA-M,VEWGDVSTEWFLQL-LEWJYISDSA-M
[H]c1c([H])c(C([H])(OC(=O)C([H])([H])C([H])([H])C(=O)[O-])c2c([H])c([H])c(OC(=O)C(C([H])([H])[H])(C([H])([H])[H])C([H])([H])[H])c([H])c2[H])c([H])c([H])c1OC(=O)C(C([H])([H])[H])(C([H])([H])[H])C([H])([H])[H],483.2024415319109,35,66,8,2,0.0305845,0.2740490379731204,CC(C)(C)C(=O)Oc1ccc(C(OC(=O)CCC(=O)[O-])c2ccc(OC(=O)C(C)(C)C)cc2)cc1,WMHGAYQTMNYVCA-UHFFFAOYSA-M,WMHGAYQTMNYVCA-UHFFFAOYSA-M
[H]O[C@@]([H])(C([H])([H])Oc1c(-c2c([H])c([H])c(F)c([H])c2[H])nc2c([H])c([H])c([H])c([H])c2c1C([H])(C([H])([H])[H])C([H])([H])[H])C([H])([H])[C@@]([H])(O[H])C([H])([H])C(=O)[O-],426.17222469991066,31,56,7,3,0.0081184,0.2309622837984655,CC(C)c1c(OC[C@H](O)C[C@@H](O)CC(=O)[O-])c(-c2ccc(F)cc2)nc2ccccc12,WFJBUGLKYOMEIA-QZTJIDSGSA-M,WFJBUGLKYOMEIA-QZTJIDSGSA-M
[H]O[C@]([H])(C([H])([H])Oc1c(Cl)c([H])c(Cl)c([H])c1C(F)=C1C([H])([H])C([H])([H])C([H])([H])C([H])([H])C1([H])[H])C([H])([H])[C@@]([H])(O[H])C([H])([H])C(=O)[O-],419.0833809639106,27,49,8,2,0.0084152,0.2282900409346344,O=C([O-])C[C@H](O)C[C@H](O)COc1c(Cl)cc(Cl)cc1C(F)=C1CCCCC1,CPGOAJGOPMOMRT-KGLIPLIRSA-M,CPGOAJGOPMOMRT-KGLIPLIRSA-M
[H]O[C@@]([H])(C([H])([H])Oc1c(C([H])([H])[H])c([H])c(C([H])([H])[H])c([H])c1[C@]([H])(N([H])C(=O)C(C([H])([H])[H])(C([H])([H])[H])C([H])([H])C([H])([H])[H])C1([H])C([H])([H])C([H])([H])C([H])([H])C([H])([H])C1([H])[H])C([H])([H])[C@@]([H])(O[H])C([H])([H])C(=O)[O-],476.3017616439111,34,76,7,2,0.0837678999999999,0.3225222753111101,CCC(C)(C)C(=O)N[C@@H](c1cc(C)cc(C)c1OC[C@H](O)C[C@@H](O)CC(=O)[O-])C1CCCCC1,XAFSODPXPFYGDP-PQNGQFLHSA-M,XAFSODPXPFYGDP-PQNGQFLHSA-M
[H]O[C@]([H])(C([H])([H])Oc1c(Cl)c([H])c(Cl)c([H])c1C([H])([H])C1([H])C([H])([H])C([H])([H])C([H])([H])C([H])([H])C1([H])[H])C([H])([H])[C@@]([H])(O[H])C([H])([H])C(=O)[O-],403.1084528399107,26,51,7,2,0.0274700999999999,0.2656044280023835,O=C([O-])C[C@H](O)C[C@H](O)COc1c(Cl)cc(Cl)cc1CC1CCCCC1,JFBQKTMQLRVNBD-CVEARBPZSA-M,JFBQKTMQLRVNBD-CVEARBPZSA-M
[H]c1c([H])c([H])c(C(C(=O)N([H])[H])(c2c([H])c([H])c([H])c([H])c2[H])C([H])([H])C([H])([H])n2c([H])c([H])[n+](C([H])([H])c3c([H])c([H])c(C([H])([H])[H])c([H])c3[H])c2C([H])([H])[H])c([H])c1[H],424.2383390000908,32,62,4,4,0.110382,0.3362780259551911,Cc1ccc(C[n+]2ccn(CCC(C(N)=O)(c3ccccc3)c3ccccc3)c2C)cc1,JRMNCPZXDNIHBY-UHFFFAOYSA-O,JRMNCPZXDNIHBY-UHFFFAOYSA-O
[H]O[C@@]([H])(C([H])([H])Oc1c(C([H])([H])[H])c([H])c(Cl)c([H])c1C([H])([H])C1([H])C([H])([H])C([H])([H])C([H])([H])C([H])([H])C1([H])[H])C([H])([H])[C@@]([H])(O[H])C([H])([H])C(=O)[O-],383.1630752559107,26,54,6,2,0.0492149999999999,0.2790765734712098,Cc1cc(Cl)cc(CC2CCCCC2)c1OC[C@H](O)C[C@@H](O)CC(=O)[O-],RMWBEXIGBOJQMW-QZTJIDSGSA-M,RMWBEXIGBOJQMW-QZTJIDSGSA-M
[H]C([H])([H])C([H])([H])C([H])([H])C1(C([H])([H])C([H])([H])C([H])([H])[H])C([H])([H])C([H])([H])C2(C([H])([H])C1([H])[H])C([H])([H])C([H])([H])[N+](C([H])([H])[H])(C([H])([H])C([H])([H])C([H])([H])[N+](C([H])([H])[H])(C([H])([H])[H])C([H])([H])[H])C2([H])[H],338.36500231218133,24,70,2,2,0.1962792,0.3806882838057793,CCCC1(CCC)CCC2(CC1)CC[N+](C)(CCC[N+](C)(C)C)C2,DVTHMUBJYGMWTJ-UHFFFAOYSA-N,DVTHMUBJYGMWTJ-UHFFFAOYSA-N
[H]OB(O[H])[C@@]([H])(N([H])C(=O)C([H])([H])N(C(=O)C([H])([H])C([H])([H])c1c([H])c([H])c([H])c([H])c1[H])C([H])([H])c1c([H])c([H])c([H])c([H])c1[H])C([H])([H])C([H])([H])C([H])([H])C([H])([H])N([H])[H],425.2485869040008,31,63,8,2,0.1193801999999999,0.3474461731062222,NCCCC[C@H](NC(=O)CN(Cc1ccccc1)C(=O)CCc1ccccc1)B(O)O,URKMPCVXBJBNFU-NRFANRHFSA-N,URKMPCVXBJBNFU-NRFANRHFSA-N
[H]O[C@]([H])(C([H])([H])Oc1c(Cl)c([H])c(Cl)c([H])c1-c1c([H])c([H])c([H])c([H])c1[H])C([H])([H])[C@@]([H])(O[H])C([H])([H])C(=O)[O-],383.0458525839105,25,42,7,2,0.0281844,0.2652348323440785,O=C([O-])C[C@H](O)C[C@H](O)COc1c(Cl)cc(Cl)cc1-c1ccccc1,OJDAHSKQFOREMJ-KGLIPLIRSA-M,OJDAHSKQFOREMJ-KGLIPLIRSA-M
[H]OB(O[H])[C@@]([H])(N([H])C(=O)C([H])([H])N(C(=O)C([H])([H])C([H])([H])c1c([H])c([H])c([H])c([H])c1[H])c1c([H])c([H])c([H])c([H])c1[H])C([H])([H])C([H])([H])C([H])([H])C([H])([H])N([H])[H],411.2329368400008,30,60,8,2,0.1305454999999999,0.3520356753492258,NCCCC[C@H](NC(=O)CN(C(=O)CCc1ccccc1)c1ccccc1)B(O)O,NZEDSGTYZINZBH-FQEVSTJZSA-N,NZEDSGTYZINZBH-FQEVSTJZSA-N
[H]Oc1c([H])c([H])c([H])c2c3c(C([H])([H])[H])c4c([H])[n+](C([H])([H])[H])c([H])c([H])c4c(C([H])([H])[H])c3n([H])c12,277.1335395840905,21,38,3,4,0.0570575,0.2356185307098725,Cc1c2cc[n+](C)cc2c(C)c2c1[nH]c1c(O)cccc12,JPJCTJABODHFLU-UHFFFAOYSA-O,JPJCTJABODHFLU-UHFFFAOYSA-O
[H]O[C@@]([H])(C([H])([H])Oc1c(C([H])([H])[H])c([H])c(C([H])([H])[H])c([H])c1[C@@]([H])(c1c([H])c([H])c(F)c([H])c1[H])C([H])([H])C([H])(C([H])([H])[H])C([H])([H])[H])C([H])([H])[C@@]([H])(O[H])C([H])([H])C(=O)[O-],431.2239259239109,31,63,6,2,0.0653484,0.3004085406999377,Cc1cc(C)c(OC[C@H](O)C[C@@H](O)CC(=O)[O-])c([C@H](CC(C)C)c2ccc(F)cc2)c1,YXCVOFSBSRBCGH-YPAWHYETSA-M,YXCVOFSBSRBCGH-YPAWHYETSA-M
[H]O[C@@]([H])(C([H])([H])Oc1c(Cl)c([H])c(Cl)c([H])c1C(=O)C1([H])C([H])([H])C([H])([H])C([H])([H])C([H])([H])C1([H])[H])C([H])([H])[C@@]([H])(O[H])C([H])([H])C(=O)[O-],417.08771739591066,27,50,8,2,0.0380949,0.2805026667136676,O=C([O-])C[C@H](O)C[C@@H](O)COc1c(Cl)cc(Cl)cc1C(=O)C1CCCCC1,PEXIVRSEMGWJFU-ZIAGYGMSSA-M,PEXIVRSEMGWJFU-ZIAGYGMSSA-M
[H]O[C@@]([H])(C([H])([H])Oc1c(-c2c([H])c([H])c(F)c([H])c2[H])c([H])c(SC(Sc2c([H])c(-c3c([H])c([H])c(F)c([H])c3[H])c([O-])c(C([H])(C([H])([H])[H])C([H])([H])[H])c2[H])(C([H])([H])[H])C([H])([H])[H])c([H])c1C([H])(C([H])([H])[H])C([H])([H])[H])C([H])([H])[C@@]([H])(O[H])C([H])([H])C(=O)[O-],708.240184663821,49,91,10,4,0.0391886,0.2313510437830603,CC(C)c1cc(SC(C)(C)Sc2cc(-c3ccc(F)cc3)c(OC[C@H](O)C[C@@H](O)CC(=O)[O-])c(C(C)C)c2)cc(-c2ccc(F)cc2)c1[O-],VDPZSEASYIIOOX-FQLXRVMXSA-L,VDPZSEASYIIOOX-FQLXRVMXSA-L
[H]/C(=N\N([H])C1=NC([H])([H])C([H])([H])N1[H])c1c([H])c([H])c(OC([H])([H])c2c([H])n3c([H])c([H])c([H])c([H])c3[n+]2C([H])([H])[H])c([H])c1[H],349.1771357120906,26,47,7,4,0.005598,0.1772768802366016,C[n+]1c(COc2ccc(/C=N/NC3=NCCN3)cc2)cn2ccccc21,LVVXLQZFYVODQR-WSDLNYQXSA-N,LVVXLQZFYVODQR-WSDLNYQXSA-N
[H]C([H])([H])C([H])([H])C([H])([H])C([H])([H])C([H])([H])C([H])([H])SC(=O)OC([H])([H])C([H])([H])[N+](C([H])([H])[H])(C([H])([H])[H])C([H])([H])[H],248.16787649209,16,42,4,0,0.128395,0.3898419554633704,CCCCCCSC(=O)OCC[N+](C)(C)C,MYPUMOKORCCVMS-UHFFFAOYSA-N,MYPUMOKORCCVMS-UHFFFAOYSA-N
[H]C([H])([H])C([H])([H])C([H])([H])C([H])([H])SC(=O)OC([H])([H])C([H])([H])[N+](C([H])([H])[H])(C([H])([H])[H])C([H])([H])[H],220.13657636409,14,36,4,0,0.1398449,0.3908825073803553,CCCCSC(=O)OCC[N+](C)(C)C,WYLOOWXXBXLTSC-UHFFFAOYSA-N,WYLOOWXXBXLTSC-UHFFFAOYSA-N
[H]O[C@]([H])(C([H])([H])[H])[C@@]1([H])C(=O)N2C(C(=O)[O-])=C(S[C@@]3([H])C([H])([H])O[C@]([H])(C([H])([H])N([H])C(=O)C([H])([H])[H])C3([H])[H])[C@]([H])(C([H])([H])[H])[C@@]21[H],383.1282310359106,26,49,9,3,0.098439,0.3225699961536563,CC(=O)NC[C@@H]1C[C@@H](SC2=C(C(=O)[O-])N3C(=O)[C@H]([C@@H](C)O)[C@H]3[C@H]2C)CO1,ZICFDNXTOYIPCU-RXSOLEHHSA-M,ZICFDNXTOYIPCU-RXSOLEHHSA-M
[H]O[C@]([H])(C([H])([H])Oc1c(C([H])([H])[H])nc2c([H])c([H])c([H])c([H])c2c1-c1c([H])c([H])c([H])c([H])c1[H])C([H])([H])[C@@]([H])(O[H])C([H])([H])C(=O)[O-],380.1503463839105,28,50,6,3,0.0121197,0.243706006611555,Cc1nc2ccccc2c(-c2ccccc2)c1OC[C@@H](O)C[C@@H](O)CC(=O)[O-],IAIQZRIQFGXCEB-SJORKVTESA-M,IAIQZRIQFGXCEB-SJORKVTESA-M
[H]O[C@]([H])(C([H])([H])[H])[C@@]1([H])C(=O)N2C(C(=O)[O-])=C(S[C@]3([H])C([H])([H])O[C@@]([H])(C([H])([H])N([H])C(=O)[C@@]([H])(N([H])[H])C([H])([H])[H])C3([H])[H])[C@]([H])(C([H])([H])[H])[C@@]21[H],412.1547801319107,28,54,10,3,0.1061993999999999,0.3204212516355391,C[C@H](N)C(=O)NC[C@H]1C[C@H](SC2=C(C(=O)[O-])N3C(=O)[C@H]([C@@H](C)O)[C@H]3[C@H]2C)CO1,HCQUCGFZKMGBSK-OLPJOPMJSA-M,HCQUCGFZKMGBSK-OLPJOPMJSA-M
[H]O[C@@]([H])(C([H])([H])Oc1c(-c2c([H])c([H])c(F)c([H])c2[H])c([H])c(Sc2c([H])c([H])c(F)c([H])c2[H])c([H])c1C([H])(C([H])([H])[H])C([H])([H])[H])C([H])([H])[C@@]([H])(O[H])C([H])([H])C(=O)[O-],501.1552749839106,35,62,8,3,0.0534928999999999,0.2953352968910117,CC(C)c1cc(Sc2ccc(F)cc2)cc(-c2ccc(F)cc2)c1OC[C@H](O)C[C@@H](O)CC(=O)[O-],UFSXOKMGOHBXIH-NHCUHLMSSA-M,UFSXOKMGOHBXIH-NHCUHLMSSA-M
[H]O[C@@]([H])(C([H])([H])Oc1c(C([H])(c2c([H])c([H])c(F)c([H])c2[H])c2c([H])c([H])c(F)c([H])c2[H])c([H])c2c([H])c([H])c([H])c([H])c2c1C([H])([H])[H])C([H])([H])[C@@]([H])(O[H])C([H])([H])C(=O)[O-],505.18320398391074,37,64,7,4,0.0232511,0.2441626267717666,Cc1c(OC[C@H](O)C[C@@H](O)CC(=O)[O-])c(C(c2ccc(F)cc2)c2ccc(F)cc2)cc2ccccc12,ICEDGHZZGCMRPD-JWQCQUIFSA-M,ICEDGHZZGCMRPD-JWQCQUIFSA-M
[H]C([H])([H])C([H])([H])C([H])([H])C([H])([H])C([H])([H])C([H])([H])C([H])([H])SC(=O)OC([H])([H])C([H])([H])[N+](C([H])([H])[H])(C([H])([H])[H])C([H])([H])[H],262.18352655609016,17,45,4,0,0.1345993,0.3913370613264907,CCCCCCCSC(=O)OCC[N+](C)(C)C,XMVIJBDXRKNDBR-UHFFFAOYSA-N,XMVIJBDXRKNDBR-UHFFFAOYSA-N
[H]C([H])([H])C(SC(=O)OC([H])([H])C([H])([H])[N+](C([H])([H])[H])(C([H])([H])[H])C([H])([H])[H])(C([H])([H])[H])C([H])([H])[H],220.13657636409,14,36,4,0,0.1411913,0.3932349754583151,CC(C)(C)SC(=O)OCC[N+](C)(C)C,HZKGABRDJWAJTG-UHFFFAOYSA-N,HZKGABRDJWAJTG-UHFFFAOYSA-N
[H]c1c([H])c2c3c(c([H])c([H])c([H])c3c1[H])-c1c-2n[n+]2c3c([H])c([H])c([H])c([H])c3n(C([H])([H])C(=O)N([H])C([H])([H])C([H])([H])C([H])([H])[H])c2c1[H],393.17098771209055,30,51,5,6,0.0743128999999999,0.2479582742606517,CCCNC(=O)Cn1c2ccccc2[n+]2nc3c(cc12)-c1cccc2cccc-3c12,MWYFDRCLIPYVQU-UHFFFAOYSA-O,MWYFDRCLIPYVQU-UHFFFAOYSA-O
[H]OC([H])([H])C([H])([H])C([H])([H])C([H])([H])[N+](C([H])([H])[H])(C([H])([H])[H])C([H])([H])[H],132.13829061609,9,27,2,0,0.3062869,0.4443692361269151,C[N+](C)(C)CCCCO,WZENRHJTCWKPAZ-UHFFFAOYSA-N,WZENRHJTCWKPAZ-UHFFFAOYSA-N
[H]c1c([H])c([H])c(C(C(=O)N([H])[H])(c2c([H])c([H])c([H])c([H])c2[H])C([H])([H])C([H])([H])n2c([H])c([H])[n+](C([H])([H])c3c([H])c([H])c(Br)c([H])c3[H])c2C([H])([H])[H])c([H])c1[H],488.1332010040908,32,59,5,4,0.1040391,0.3314620618262992,Cc1n(CCC(C(N)=O)(c2ccccc2)c2ccccc2)cc[n+]1Cc1ccc(Br)cc1,ZGCIEDVRSYXYMD-UHFFFAOYSA-O,ZGCIEDVRSYXYMD-UHFFFAOYSA-O
[H]N=C(N([H])/N=C(\[H])c1c([H])c([H])c(OC([H])([H])c2c([H])sc([H])[n+]2C([H])([H])[H])c([H])c1[H])N1C([H])([H])C([H])([H])C([H])([H])C1([H])[H],344.15395774409063,24,46,7,3,0.0044832,0.1638073410237436,C[n+]1cscc1COc1ccc(/C=N/NC(=N)N2CCCC2)cc1,ITLNUMJVLJXMTN-VXLYETTFSA-N,ITLNUMJVLJXMTN-VXLYETTFSA-N
[H]N=C(N([H])[H])N([H])C([H])([H])C([H])([H])C([H])([H])[C@]([H])(B(O[H])O[H])N([H])C(=O)C([H])([H])N(C(=O)C([H])([H])C([H])([H])c1c([H])c([H])c([H])c([H])c1[H])C([H])([H])C1(c2c([H])c([H])c([H])c([H])c2[H])C([H])([H])C1([H])[H],493.28603503200094,36,72,10,3,0.1345067,0.3380108664717282,N=C(N)NCCC[C@@H](NC(=O)CN(CC1(c2ccccc2)CC1)C(=O)CCc1ccccc1)B(O)O,DSVGBRXCGKCTSK-JOCHJYFZSA-N,DSVGBRXCGKCTSK-JOCHJYFZSA-N
[H]O[C@]([H])(/C([H])=C(\[H])C(=C(c1c([H])c([H])c(F)c([H])c1[H])c1c([H])c([H])c(F)c([H])c1[H])c1nnn(C([H])([H])[H])n1)C([H])([H])[C@@]([H])(O[H])C([H])([H])C(=O)[O-],455.15363517191065,33,54,10,3,0.024658,0.2499759646570674,Cn1nnc(C(/C=C/[C@@H](O)C[C@@H](O)CC(=O)[O-])=C(c2ccc(F)cc2)c2ccc(F)cc2)n1,VJPNGPAOORMBST-MMKWGKFASA-M,VJPNGPAOORMBST-MMKWGKFASA-M
[H]O[C@]([H])(/C([H])=C(\[H])C(=C(c1c([H])c([H])c(F)c([H])c1[H])c1c([H])c([H])c(F)c([H])c1[H])c1nnn(C([H])([H])C([H])([H])[H])n1)C([H])([H])[C@@]([H])(O[H])C([H])([H])C(=O)[O-],469.16928523591065,34,57,10,3,0.0074426,0.216817864170573,CCn1nnc(C(/C=C/[C@@H](O)C[C@@H](O)CC(=O)[O-])=C(c2ccc(F)cc2)c2ccc(F)cc2)n1,NEAHCMMTZXVNNI-XICOBVEKSA-M,NEAHCMMTZXVNNI-XICOBVEKSA-M
[H]c1nc2c(nc(-c3c([H])c([H])c(Cl)c([H])c3[H])n2C([H])([H])C(=O)N([H])C([H])([H])C([H])([H])C([H])([H])C(=O)[O-])c([H])c1[H],371.0916416319105,26,42,8,3,0.045913,0.2666988357184153,O=C([O-])CCCNC(=O)Cn1c(-c2ccc(Cl)cc2)nc2cccnc21,WQNBXYDPWXPEPI-UHFFFAOYSA-M,WQNBXYDPWXPEPI-UHFFFAOYSA-M
[H]ON(C(=O)N([H])C([H])([H])c1c([H])c([H])c([H])c(OC([H])([H])/C([H])=C(\C([H])([H])[H])C([H])([H])C([H])([H])C([H])=C(C([H])([H])[H])C([H])([H])[H])c1[H])C(C(=O)[O-])(C([H])([H])[H])C([H])([H])[H],403.2238456719108,29,60,7,1,0.0868288,0.3172859625823314,CC(C)=CCC/C(C)=C/COc1cccc(CNC(=O)N(O)C(C)(C)C(=O)[O-])c1,NOJVBPONEXVKGV-SFQUDFHCSA-M,NOJVBPONEXVKGV-SFQUDFHCSA-M
[H]c1c([H])c([H])c(C(C(=O)N([H])[H])(c2c([H])c([H])c([H])c([H])c2[H])C([H])([H])C([H])([H])n2c([H])c([H])[n+](C([H])([H])[H])c2C([H])([H])[H])c([H])c1[H],334.1913888080906,25,49,4,3,0.1048895,0.3319187262086117,Cc1n(CCC(C(N)=O)(c2ccccc2)c2ccccc2)cc[n+]1C,JQMZITXYDTZWDV-UHFFFAOYSA-O,JQMZITXYDTZWDV-UHFFFAOYSA-O
[H]C(=C(C([H])([H])[H])C([H])([H])[H])C([H])([H])C([H])([H])/C(=C(\[H])C([H])([H])C([H])([H])/C(=C(\[H])C(=O)C(F)(F)P(=O)([O-])[O-])C([H])([H])[H])C([H])([H])[H],348.13129944582056,23,46,7,0,0.0116172,0.1970236803068302,CC(C)=CCC/C(C)=C/CC/C(C)=C/C(=O)C(F)(F)P(=O)([O-])[O-],ZRWXDVIDMWWUBB-IJFRVEDASA-L,ZRWXDVIDMWWUBB-IJFRVEDASA-L
[H]C([H])([H])C([H])([H])SC(=O)OC([H])([H])C([H])([H])[N+](C([H])([H])[H])(C([H])([H])[H])C([H])([H])[H],192.10527623609,12,30,4,0,0.1426478,0.3943176165360699,CCSC(=O)OCC[N+](C)(C)C,SVDYJKUQBFJSPO-UHFFFAOYSA-N,SVDYJKUQBFJSPO-UHFFFAOYSA-N
[H]c1c([H])c(S(=O)(=O)N([H])[H])c([H])c(Cl)c1N([H])C(=O)C([H])([H])[n+]1c(C([H])([H])[H])c([H])c(C([H])([H])[H])c([H])c1C([H])([H])[H],368.0830165680905,24,43,8,2,0.0682678999999999,0.2678190708557302,Cc1cc(C)[n+](CC(=O)Nc2ccc(S(N)(=O)=O)cc2Cl)c(C)c1,RYIKYFYVTXZXGY-UHFFFAOYSA-O,RYIKYFYVTXZXGY-UHFFFAOYSA-O
[H]c1c(N([H])C(=O)C([H])([H])[n+]2c(C([H])([H])[H])c([H])c(C([H])([H])[H])c([H])c2C([H])([H])[H])c([H])c2sc(S(=O)(=O)N([H])[H])nc2c1[H],391.0893088880905,26,45,9,3,0.0563614,0.2509702340676155,Cc1cc(C)[n+](CC(=O)Nc2ccc3nc(S(N)(=O)=O)sc3c2)c(C)c1,TWNBIHDFEMHIQI-UHFFFAOYSA-O,TWNBIHDFEMHIQI-UHFFFAOYSA-O
[H]c1c([H])c([H])c(C([H])([H])[n+]2c([H])c([H])n(C([H])([H])C([H])([H])C([H])([H])C([H])([H])C(C(=O)N([H])[H])(c3c([H])c([H])c([H])c([H])c3[H])c3c([H])c([H])c([H])c([H])c3[H])c2C([H])([H])[H])c([H])c1[H],438.2539890640909,33,65,4,4,0.1148154,0.3423311089951749,Cc1n(CCCCC(C(N)=O)(c2ccccc2)c2ccccc2)cc[n+]1Cc1ccccc1,YCKSXONWBYRMPL-UHFFFAOYSA-O,YCKSXONWBYRMPL-UHFFFAOYSA-O
[H]c1c([H])c([H])[n+](C([H])([H])C([H])([H])C([H])([H])C([H])([H])C([H])([H])C([H])([H])C([H])([H])C([H])([H])C([H])([H])C([H])([H])C([H])([H])C([H])([H])[n+]2c([H])c([H])c([H])c([H])c2[H])c([H])c1[H],326.27110192818094,24,58,2,2,0.0615799,0.320598717374745,c1cc[n+](CCCCCCCCCCCC[n+]2ccccc2)cc1,PJYVBMNAFDUKRW-UHFFFAOYSA-N,PJYVBMNAFDUKRW-UHFFFAOYSA-N
[H]OB(O[H])C([H])(N([H])C(=O)C([H])([H])N(C(=O)C([H])([H])C([H])([H])c1c([H])c([H])c([H])c([H])c1[H])C([H])([H])C([H])([H])c1c([H])c(C([H])([H])[H])c([H])c(C([H])([H])[H])c1[H])C([H])([H])C([H])([H])C([H])([H])/N=C(\[H])N([H])[H],480.290786064001,35,72,9,2,0.1351331,0.3555324324159453,Cc1cc(C)cc(CCN(CC(=O)NC(CCC/N=C/N)B(O)O)C(=O)CCc2ccccc2)c1,DDCLHNTVVUNFED-UHFFFAOYSA-N,DDCLHNTVVUNFED-UHFFFAOYSA-N
[H]O[C@]1([H])C([H])([H])C([H])([H])C([H])([H])C([H])([H])[C@@]1([H])[N+](C([H])([H])[H])(C([H])([H])[H])C([H])([H])[H],158.15394068009,11,31,2,1,0.3114680999999999,0.483029146686202,C[N+](C)(C)[C@@H]1CCCC[C@H]1O,YVFNMIFOQCYHSZ-RKDXNWHRSA-N,YVFNMIFOQCYHSZ-RKDXNWHRSA-N
[H]c1c([H])c([H])c(-c2c([H])c(C([H])(C([H])([H])[H])C([H])([H])[H])[n+](C([H])([H])C(=O)N([H])c3c([H])c([H])c([H])c(S(=O)(=O)N([H])[H])c3[H])c(C([H])(C([H])([H])[H])C([H])([H])[H])c2[H])c([H])c1[H],452.20023924009087,32,62,7,3,0.0691597,0.2661839387350372,CC(C)c1cc(-c2ccccc2)cc(C(C)C)[n+]1CC(=O)Nc1cccc(S(N)(=O)=O)c1,NYIFIKNOZGTTCF-UHFFFAOYSA-O,NYIFIKNOZGTTCF-UHFFFAOYSA-O
[H]c1c([H])c([H])c(-c2c([H])c(C([H])([H])[H])[n+](C([H])([H])C(=O)N([H])c3c([H])c([H])c(S(=O)(=O)N([H])[H])c([H])c3F)c(C([H])([H])[H])c2[H])c([H])c1[H],414.1282171720906,29,50,8,3,0.0671508,0.2605768585843348,Cc1cc(-c2ccccc2)cc(C)[n+]1CC(=O)Nc1ccc(S(N)(=O)=O)cc1F,KQNYKDZRGHKBOF-UHFFFAOYSA-O,KQNYKDZRGHKBOF-UHFFFAOYSA-O
[H]c1c(SC([H])([H])[H])c(N([H])C(=O)[C@]([H])(SC([H])([H])C([H])([H])C([H])([H])C([H])([H])C([H])([H])C([H])([H])[H])C([H])([H])C([H])([H])C([H])([H])C([H])([H])C([H])([H])C([H])([H])C([H])([H])C([H])([H])[H])c(SC([H])([H])[H])[n+](C([H])([H])[H])c1[H],471.2532034160913,30,73,6,1,0.0351256,0.2543830185830493,CCCCCCCC[C@@H](SCCCCCC)C(=O)Nc1c(SC)cc[n+](C)c1SC,JBWAGZKZUMOLQZ-OAQYLSRUSA-O,JBWAGZKZUMOLQZ-OAQYLSRUSA-O
[H]OB(O[H])C([H])(N([H])C(=O)C([H])([H])N(C(=O)C([H])([H])C([H])([H])c1c([H])c([H])c([H])c([H])c1[H])C([H])([H])C([H])([H])c1c([H])c(C([H])([H])[H])c([H])c(C([H])([H])[H])c1[H])C([H])([H])C([H])([H])C([H])([H])C([H])([H])N([H])[H],467.295537096001,34,72,8,2,0.1434289,0.3712620851355327,Cc1cc(C)cc(CCN(CC(=O)NC(CCCCN)B(O)O)C(=O)CCc2ccccc2)c1,MDGAHOUIOJEGBC-UHFFFAOYSA-N,MDGAHOUIOJEGBC-UHFFFAOYSA-N
[H]N=C(c1c([H])c([H])c(OC([H])([H])c2c([H])n3c([H])c([H])c([H])c([H])c3[n+]2C([H])([H])[H])c([H])c1[H])N([H])[H],281.13968758409044,21,38,5,3,0.0089154,0.2337178279642802,C[n+]1c(COc2ccc(C(=N)N)cc2)cn2ccccc21,VXKBUTDBHNOTRB-UHFFFAOYSA-N,VXKBUTDBHNOTRB-UHFFFAOYSA-N
[H]OB(O[H])C([H])(N([H])C(=O)C([H])([H])N(C(=O)C([H])([H])C([H])([H])c1c([H])c([H])c([H])c([H])c1[H])C([H])([H])C1(c2c([H])c([H])c([H])c([H])c2[H])C([H])([H])C([H])([H])C([H])([H])C1([H])[H])C([H])([H])C([H])([H])C([H])([H])/N=C(\[H])N([H])[H],506.3064361280011,37,76,9,3,0.1415497,0.3587864369733173,N/C=N/CCCC(NC(=O)CN(CC1(c2ccccc2)CCCC1)C(=O)CCc1ccccc1)B(O)O,YNXJBBUWTCLOKJ-UHFFFAOYSA-N,YNXJBBUWTCLOKJ-UHFFFAOYSA-N
[H]c1c([H])c([H])c(-c2c([H])c(C([H])([H])C([H])([H])[H])[n+](C([H])([H])C(=O)N([H])C([H])([H])C([H])([H])C(=O)N([H])c3nnc(S(=O)(=O)N([H])[H])s3)c(C([H])([H])C([H])([H])[H])c2[H])c([H])c1[H],503.1529717640908,34,61,12,3,0.0878393,0.2968327422598269,CCc1cc(-c2ccccc2)cc(CC)[n+]1CC(=O)NCCC(=O)Nc1nnc(S(N)(=O)=O)s1,BAOYJOYLDRTITD-UHFFFAOYSA-O,BAOYJOYLDRTITD-UHFFFAOYSA-O
[H]C(=C(C([H])([H])[H])C([H])([H])[H])C([H])([H])C([H])([H])/C(=C(\[H])C([H])([H])C([H])([H])/C(=C(\[H])C([H])([H])N([H])C(=O)[C@@]([H])(C(=O)[O-])C([H])([H])OP(=O)([O-])[O-])C([H])([H])[H])C([H])([H])[H],414.16980963773074,28,57,9,0,0.0370449,0.2432222368456052,CC(C)=CCC/C(C)=C/CC/C(C)=C/CNC(=O)[C@H](COP(=O)([O-])[O-])C(=O)[O-],SGHLYPWBEXWOJR-BCYUYYMPSA-K,SGHLYPWBEXWOJR-BCYUYYMPSA-K
[H]OB(O[H])[C@@]([H])(N([H])C(=O)C([H])([H])N(C(=O)C([H])([H])C([H])([H])c1c([H])c([H])c([H])c([H])c1[H])C([H])([H])C([H])([H])c1c([H])c(C([H])([H])[H])c([H])c(C([H])([H])[H])c1[H])C([H])([H])C([H])([H])C([H])([H])N=C(N([H])[H])N([H])[H],495.30168509600105,36,74,10,2,0.1141038,0.3274442775762115,Cc1cc(C)cc(CCN(CC(=O)N[C@@H](CCCN=C(N)N)B(O)O)C(=O)CCc2ccccc2)c1,AGSWZHNILZKCTF-QHCPKHFHSA-N,AGSWZHNILZKCTF-QHCPKHFHSA-N
[H]OB(O[H])C([H])(N([H])C(=O)C([H])([H])N(C(=O)C([H])([H])C([H])([H])c1c([H])c([H])c([H])c([H])c1[H])C([H])([H])C(c1c([H])c(C([H])([H])[H])c([H])c(C([H])([H])[H])c1[H])(C([H])([H])[H])C([H])([H])[H])C([H])([H])C([H])([H])C([H])([H])/N=C(\[H])N([H])[H],508.3220861920011,37,78,9,2,0.1385424999999999,0.3600710322783321,Cc1cc(C)cc(C(C)(C)CN(CC(=O)NC(CCC/N=C/N)B(O)O)C(=O)CCc2ccccc2)c1,DYGABVBZUCBNDS-UHFFFAOYSA-N,DYGABVBZUCBNDS-UHFFFAOYSA-N
[H]C([H])([H])Oc1c(Br)c(C(=O)[O-])c(-c2c3c(c(OC([H])([H])[H])c(Br)c2C(=O)OC([H])([H])C([H])([H])[H])OC([H])([H])O3)c2c1OC([H])([H])O2,572.9037444599104,32,47,12,4,0.0522131,0.2795287656354055,CCOC(=O)c1c(Br)c(OC)c2c(c1-c1c3c(c(OC)c(Br)c1C(=O)[O-])OCO3)OCO2,SNHJAKDHLATPGY-UHFFFAOYSA-M,SNHJAKDHLATPGY-UHFFFAOYSA-M
[H]O[C@@]([H])(C([H])([H])Oc1c(-c2c([H])c([H])c(F)c([H])c2[H])nc2c([H])c([H])c([H])c([H])c2c1C([H])([H])[H])C([H])([H])[C@@]([H])(O[H])C([H])([H])C(=O)[O-],398.1409245719106,29,50,7,3,0.0070941,0.2121881231263231,Cc1c(OC[C@H](O)C[C@@H](O)CC(=O)[O-])c(-c2ccc(F)cc2)nc2ccccc12,CCRSFINJHYPQQP-IAGOWNOFSA-M,CCRSFINJHYPQQP-IAGOWNOFSA-M
[H]c1c([H])c([H])c(-c2c([H])c([H])c(C([H])([H])[n+]3c([H])c([H])n(C([H])([H])C([H])([H])C(C(=O)N([H])[H])(c4c([H])c([H])c([H])c([H])c4[H])c4c([H])c([H])c([H])c([H])c4[H])c3C([H])([H])[H])c([H])c2[H])c([H])c1[H],486.2539890640909,37,69,4,5,0.0978488999999999,0.3149833112858153,Cc1n(CCC(C(N)=O)(c2ccccc2)c2ccccc2)cc[n+]1Cc1ccc(-c2ccccc2)cc1,WJIFEDQICDUYNL-UHFFFAOYSA-O,WJIFEDQICDUYNL-UHFFFAOYSA-O
[H]c1c([H])c([H])c(-c2c([H])c(C([H])([H])C([H])([H])[H])[n+](C([H])([H])C(=O)N([H])c3c([H])c([H])c([H])c([H])c3S(=O)(=O)N([H])[H])c(C([H])([H])C([H])([H])[H])c2[H])c([H])c1[H],424.1689391120908,30,56,7,3,0.082077,0.2707156550068411,CCc1cc(-c2ccccc2)cc(CC)[n+]1CC(=O)Nc1ccccc1S(N)(=O)=O,KMGMUDOTNOFMOZ-UHFFFAOYSA-O,KMGMUDOTNOFMOZ-UHFFFAOYSA-O
[H]O[C@]([H])(/C([H])=C([H])/C(=C(/c1c([H])c([H])c([H])c([H])c1[H])c1c([H])c([H])c(F)c([H])c1[H])c1nnnn1C([H])([H])[H])C([H])([H])[C@@]([H])(O[H])C([H])([H])C(=O)[O-],437.1630569839106,32,54,9,3,0.0583071,0.284534528369122,Cn1nnnc1C(/C=C/[C@@H](O)C[C@@H](O)CC(=O)[O-])=C(\c1ccccc1)c1ccc(F)cc1,DVWJMSNCSNYDDS-HPVXQPOBSA-M,DVWJMSNCSNYDDS-HPVXQPOBSA-M
[H]c1c([H])c([H])c(-c2c([H])c(C([H])([H])[H])[n+](C([H])([H])C(=O)N([H])c3c([H])c([H])c(S(=O)(=O)N([H])[H])c([H])c3[H])c(C([H])([H])[H])c2[H])c([H])c1[H],396.1376389840906,28,50,7,3,0.060502,0.257069854781791,Cc1cc(-c2ccccc2)cc(C)[n+]1CC(=O)Nc1ccc(S(N)(=O)=O)cc1,PPZQAZQUPTXFIW-UHFFFAOYSA-O,PPZQAZQUPTXFIW-UHFFFAOYSA-O
[H]c1c([H])c([H])c(S(=O)(=O)N([H])[H])c(N([H])C(=O)C([H])([H])[n+]2c(C([H])([H])[H])c([H])c(C([H])([H])[H])c([H])c2C([H])([H])[H])c1[H],334.1219889200905,23,43,7,2,0.0840025,0.2762776167677324,Cc1cc(C)[n+](CC(=O)Nc2ccccc2S(N)(=O)=O)c(C)c1,BQNWLNDBURYSQO-UHFFFAOYSA-O,BQNWLNDBURYSQO-UHFFFAOYSA-O
[H]c1c([H])c([H])c(-c2c([H])c(C([H])([H])[H])[n+](C([H])([H])C(=O)Oc3c([H])c([H])c4nc(S(=O)(=O)N([H])[H])sc4c3[H])c(C([H])([H])[H])c2[H])c([H])c1[H],454.0889745400905,31,51,9,4,0.058522,0.2542875154421349,Cc1cc(-c2ccccc2)cc(C)[n+]1CC(=O)Oc1ccc2nc(S(N)(=O)=O)sc2c1,IVSLQVMMLQFCBJ-UHFFFAOYSA-N,IVSLQVMMLQFCBJ-UHFFFAOYSA-N
[H]c1c([H])c([H])c(-c2c([H])c(C([H])([H])[H])[n+](C([H])([H])C(=O)N([H])c3c([H])c([H])c(S(=O)(=O)N([H])[H])c([H])c3Br)c(C([H])([H])[H])c2[H])c([H])c1[H],474.0481510520906,29,50,8,3,0.0711429,0.2601373496168963,Cc1cc(-c2ccccc2)cc(C)[n+]1CC(=O)Nc1ccc(S(N)(=O)=O)cc1Br,CRSFUODGLVACMP-UHFFFAOYSA-O,CRSFUODGLVACMP-UHFFFAOYSA-O
[H]c1c([H])c([H])c(-c2c([H])c(C([H])([H])[H])[n+](C([H])([H])C(=O)N([H])c3c(Cl)c(Cl)c(S(=O)(=O)N([H])[H])c([H])c3S(=O)(=O)N([H])[H])c(C([H])([H])[H])c2[H])c([H])c1[H],543.0324935520905,34,55,13,3,0.0937503999999999,0.2907525888766714,Cc1cc(-c2ccccc2)cc(C)[n+]1CC(=O)Nc1c(S(N)(=O)=O)cc(S(N)(=O)=O)c(Cl)c1Cl,XMCXXTIMJCNNQJ-UHFFFAOYSA-O,XMCXXTIMJCNNQJ-UHFFFAOYSA-O
[H]c1c([H])c([H])c(-c2c([H])c(C([H])(C([H])([H])[H])C([H])([H])[H])[n+](C([H])([H])C(=O)Oc3c([H])c([H])c4nc(S(=O)(=O)N([H])[H])sc4c3[H])c(C([H])(C([H])([H])[H])C([H])([H])[H])c2[H])c([H])c1[H],510.1515747960907,35,63,9,4,0.0614336,0.2601620535833502,CC(C)c1cc(-c2ccccc2)cc(C(C)C)[n+]1CC(=O)Oc1ccc2nc(S(N)(=O)=O)sc2c1,NWDHGOTTZZCWHZ-UHFFFAOYSA-N,NWDHGOTTZZCWHZ-UHFFFAOYSA-N
[H]c1c([H])c(Cl)c(N([H])c2c([H])c([H])c([H])c([H])c2C([H])([H])C(=O)[O-])c(Cl)c1[H],294.00940749991025,19,29,5,2,0.0750548,0.2845366128913173,O=C([O-])Cc1ccccc1Nc1c(Cl)cccc1Cl,DCOPUUMXTXDBNB-UHFFFAOYSA-M,DCOPUUMXTXDBNB-UHFFFAOYSA-M
[H]O[C@]([H])(/C([H])=C(\[H])C(=C(c1c([H])c([H])c(F)c(C([H])([H])[H])c1[H])c1c([H])c([H])c(F)c(C([H])([H])[H])c1[H])c1nnnn1C([H])([H])[H])C([H])([H])[C@@]([H])(O[H])C([H])([H])C(=O)[O-],483.1849352999108,35,60,10,3,0.0498079,0.2771740815590759,Cc1cc(C(=C(/C=C/[C@@H](O)C[C@@H](O)CC(=O)[O-])c2nnnn2C)c2ccc(F)c(C)c2)ccc1F,LZRZADKQIIVKBB-LXORQPIJSA-M,LZRZADKQIIVKBB-LXORQPIJSA-M
[H]Oc1c([H])c([H])c(-c2c3nc(c(-c4c([H])c([H])c([H])c([H])c4[H])c4c([H])c([H])c(c(-c5c([H])c([H])c(O[H])c(C([H])([H])[N+](C([H])([H])[H])(C([H])([H])[H])C([H])([H])[H])c5[H])c5c([H])c([H])c(c(-c6c([H])c([H])c([H])c([H])c6[H])c6nc2C([H])=C6[H])n5[H])n4[H])C([H])=C3[H])c([H])c1C([H])([H])[N+](C([H])([H])[H])(C([H])([H])[H])C([H])([H])[H],790.3984276801813,60,110,8,9,0.05389,0.1989005786884656,C[N+](C)(C)Cc1cc(-c2c3nc(c(-c4ccccc4)c4ccc([nH]4)c(-c4ccc(O)c(C[N+](C)(C)C)c4)c4ccc([nH]4)c(-c4ccccc4)c4nc2C=C4)C=C3)ccc1O,CWCQAHZVLWHUTO-UHFFFAOYSA-P,CWCQAHZVLWHUTO-UHFFFAOYSA-P
[H]O[C@]([H])(/C([H])=C(\[H])c1c(-c2c([H])c([H])c(F)c(C([H])([H])[H])c2[H])c([H])c(C([H])([H])[H])c([H])c1C([H])([H])[H])C([H])([H])[C@@]([H])(O[H])C([H])([H])C(=O)[O-],371.1664110479107,27,51,5,2,0.0368773,0.2587680846050576,Cc1cc(C)c(/C=C/[C@@H](O)C[C@@H](O)CC(=O)[O-])c(-c2ccc(F)c(C)c2)c1,UXVPXZWXYNUYFT-PJHKVULZSA-M,UXVPXZWXYNUYFT-PJHKVULZSA-M
[H]O[C@]([H])(/C([H])=C(\[H])C(=C(c1c([H])c([H])c(F)c([H])c1[H])c1c([H])c([H])c(F)c([H])c1[H])c1nnnn1C([H])([H])C([H])([H])[H])C([H])([H])[C@@]([H])(O[H])C([H])([H])C(=O)[O-],469.16928523591065,34,57,10,3,0.0522041999999999,0.281844741954357,CCn1nnnc1C(/C=C/[C@@H](O)C[C@@H](O)CC(=O)[O-])=C(c1ccc(F)cc1)c1ccc(F)cc1,XMERFHFYRWAKEF-XICOBVEKSA-M,XMERFHFYRWAKEF-XICOBVEKSA-M
[H]c1c([H])c([H])c(C(C(=O)N([H])[H])(c2c([H])c([H])c([H])c([H])c2[H])C([H])([H])C([H])([H])n2c([H])c([H])[n+](C([H])([H])C([H])([H])C([H])([H])C([H])([H])[H])c2C([H])([H])[H])c([H])c1[H],376.2383390000908,28,58,4,3,0.1082743999999999,0.3357536410259246,CCCC[n+]1ccn(CCC(C(N)=O)(c2ccccc2)c2ccccc2)c1C,SOVRSKDTYAJYNQ-UHFFFAOYSA-O,SOVRSKDTYAJYNQ-UHFFFAOYSA-O
[H]Oc1c([H])c([H])c(-c2c3nc(c([H])c4c([H])c([H])c(c(-c5c([H])c([H])c(O[H])c(C([H])([H])[N+](C([H])([H])[H])(C([H])([H])[H])C([H])([H])[H])c5[H])c5nc(c([H])c6c([H])c([H])c2n6[H])C([H])=C5[H])n4[H])C([H])=C3[H])c([H])c1C([H])([H])[N+](C([H])([H])[H])(C([H])([H])[H])C([H])([H])[H],638.3358274241812,48,90,8,7,0.0558192,0.2014435100621174,C[N+](C)(C)Cc1cc(-c2c3nc(cc4ccc([nH]4)c(-c4ccc(O)c(C[N+](C)(C)C)c4)c4nc(cc5ccc2[nH]5)C=C4)C=C3)ccc1O,ZDNAGIVCJDYDRU-UHFFFAOYSA-P,ZDNAGIVCJDYDRU-UHFFFAOYSA-P
[H]O[C@]([H])(C([H])([H])Oc1c(Cl)c([H])c(C([H])([H])[H])c([H])c1C([H])(c1c([H])c([H])c(F)c(C([H])([H])[H])c1[H])c1c([H])c([H])c(F)c(C([H])([H])[H])c1[H])C([H])([H])[C@@]([H])(O[H])C([H])([H])C(=O)[O-],517.1598816959108,36,64,8,3,0.0670995,0.3085059789014866,Cc1cc(Cl)c(OC[C@@H](O)C[C@@H](O)CC(=O)[O-])c(C(c2ccc(F)c(C)c2)c2ccc(F)c(C)c2)c1,KIFDBWNUTUGZID-RTWAWAEBSA-M,KIFDBWNUTUGZID-RTWAWAEBSA-M
[H]OC1(C([H])([H])C([H])([H])C([H])([H])c2c([H])c([H])c(-c3n[n+](C([H])([H])[H])nn3[H])c([H])c2[H])C([H])([H])C([H])([H])N(C([H])([H])[C@@]2([H])C([H])([H])N(C([H])([H])C3([H])C([H])([H])C([H])([H])C([H])([H])C([H])([H])C3([H])[H])C([H])([H])[C@]2([H])c2c([H])c([H])c([H])c([H])c2[H])C([H])([H])C1([H])[H],557.3962366080914,41,90,7,6,0.0041056999999999,0.1654564830836493,C[n+]1n[nH]c(-c2ccc(CCCC3(O)CCN(C[C@H]4CN(CC5CCCCC5)C[C@@H]4c4ccccc4)CC3)cc2)n1,VRWSWNLSRFRDDD-AJQTZOPKSA-O,VRWSWNLSRFRDDD-AJQTZOPKSA-O
[H]c1nc(N([H])C(=O)C([H])([H])[n+]2c(C([H])([H])[H])c([H])c(-c3c([H])c([H])c([H])c([H])c3[H])c([H])c2C([H])([H])[H])nc(N([H])c2c([H])c([H])c(S(=O)(=O)N([H])[H])c([H])c2[H])c1[H],489.1703360800907,35,60,10,4,0.077476,0.2879474814795714,Cc1cc(-c2ccccc2)cc(C)[n+]1CC(=O)Nc1nccc(Nc2ccc(S(N)(=O)=O)cc2)n1,AKJMZBZOEQVXLJ-UHFFFAOYSA-O,AKJMZBZOEQVXLJ-UHFFFAOYSA-O
[H]C([H])([H])C([H])([H])C([H])([H])C([H])([H])C([H])([H])SC(=O)OC([H])([H])C([H])([H])[N+](C([H])([H])[H])(C([H])([H])[H])C([H])([H])[H],234.15222642809,15,39,4,0,0.1324772,0.389213556608666,CCCCCSC(=O)OCC[N+](C)(C)C,KDJIRJJIEGFPOG-UHFFFAOYSA-N,KDJIRJJIEGFPOG-UHFFFAOYSA-N
[H]C([H])([H])C([H])([H])C(SC(=O)OC([H])([H])C([H])([H])[N+](C([H])([H])[H])(C([H])([H])[H])C([H])([H])[H])(C([H])([H])[H])C([H])([H])[H],234.15222642809,15,39,4,0,0.1400283,0.3918820535043393,CCC(C)(C)SC(=O)OCC[N+](C)(C)C,NWWRUCBZOXVDBP-UHFFFAOYSA-N,NWWRUCBZOXVDBP-UHFFFAOYSA-N
[H]c1c([H])c([H])c(C(C(=O)N([H])[H])(c2c([H])c([H])c([H])c([H])c2[H])C([H])([H])C([H])([H])n2c([H])c([H])[n+](C([H])([H])c3c([H])c([H])c([H])c(C([H])([H])[H])c3[H])c2C([H])([H])[H])c([H])c1[H],424.2383390000908,32,62,4,4,0.1100331999999999,0.3357909902226831,Cc1cccc(C[n+]2ccn(CCC(C(N)=O)(c3ccccc3)c3ccccc3)c2C)c1,JMONXCGYCDYWKS-UHFFFAOYSA-O,JMONXCGYCDYWKS-UHFFFAOYSA-O
[H]c1nc2c(nc(-c3c([H])c([H])c(Cl)c([H])c3[H])n2C([H])([H])C(=O)N([H])C([H])([H])C(=O)[O-])c([H])c1[H],343.0603415039104,24,36,8,3,0.0236818,0.2340883330801129,O=C([O-])CNC(=O)Cn1c(-c2ccc(Cl)cc2)nc2cccnc21,DXOXWVFFADNUOW-UHFFFAOYSA-M,DXOXWVFFADNUOW-UHFFFAOYSA-M
